association_type,left,right,pearson,spearman,effect_size,support,high_association
numeric_pair,search_volume,competition,0.04988686415682666,0.6552271023813395,,27532,False
numeric_pair,search_volume,cpc,0.042085093640813025,0.591936564527471,,27532,False
numeric_pair,search_volume,word_count,-0.019457600727443004,-0.2972298240376932,,20018,False
numeric_pair,search_volume,char_count,-0.023875800198855424,-0.33028896484144193,,20018,False
numeric_pair,search_volume,impressions_90d,0.0012030310696208993,-0.02907382361061245,,27532,False
numeric_pair,search_volume,clicks_90d,-0.011259795069400258,-0.06762928842223209,,27532,False
numeric_pair,search_volume,pageviews_90d,-0.015152209041358146,-0.0638086858893948,,27532,False
numeric_pair,search_volume,sessions_90d,-0.013171311953094008,-0.050687741992974336,,27532,False
numeric_pair,search_volume,users_90d,-0.013394498230306372,-0.05181779636693245,,27532,False
numeric_pair,search_volume,engaged_sessions_90d,-0.009711646468379442,-0.0486082085726119,,27532,False
numeric_pair,search_volume,ai_sessions_90d,-0.012217729236054086,-0.0915098313198546,,27532,False
numeric_pair,search_volume,scroll_events_90d,-0.009163010065602755,-0.1654046664568789,,27532,False
numeric_pair,search_volume,days_with_impressions,0.009828078521460726,0.0051586125086868365,,27532,False
numeric_pair,search_volume,days_with_sessions,-0.018078748248170094,-0.054613160342606756,,27532,False
numeric_pair,search_volume,impressions_last_30d,0.0010281550844866726,-0.00932396476071573,,27532,False
numeric_pair,search_volume,clicks_last_30d,-0.009635158882719673,-0.0703082139541565,,27532,False
numeric_pair,search_volume,sessions_last_30d,-0.01015971086946528,-0.0070860110813405295,,27532,False
numeric_pair,search_volume,impressions_prev_30d,-0.0015415763476261182,-0.04554309999744832,,27532,False
numeric_pair,search_volume,clicks_prev_30d,-0.010892548308541895,-0.0647242111733113,,27532,False
numeric_pair,search_volume,sessions_prev_30d,-0.006993573437720487,-0.060676457242160066,,27532,False
numeric_pair,search_volume,content_age_days,0.090720349339036,0.3212262365923907,,27532,False
numeric_pair,search_volume,age_tier_order,0.08545760189746023,0.2999269303257184,,27532,False
numeric_pair,search_volume,days_since_last_update,-0.00323669605129826,-0.0034980370369519223,,27532,False
numeric_pair,search_volume,ctr,-0.003430268965773656,-0.07557417879334752,,27532,False
numeric_pair,search_volume,avg_position,0.045353994033149776,0.05876551632972865,,27532,False
numeric_pair,search_volume,engagement_rate,-0.010146129276914759,-0.02701374068047999,,27532,False
numeric_pair,search_volume,scroll_rate,-0.013808228802351531,-0.13464472771087121,,27408,False
numeric_pair,search_volume,ai_traffic_pct,-0.0032503458332791713,-0.08833651154514784,,27532,False
numeric_pair,search_volume,trend_pct,0.0025146706043140104,0.09180436305823451,,25287,False
numeric_pair,competition,cpc,0.3024150946452912,0.7399299459985321,,27532,False
numeric_pair,competition,word_count,-0.2010186251624591,-0.2602982761544045,,20018,False
numeric_pair,competition,char_count,-0.1858282792813109,-0.27767210127945,,20018,False
numeric_pair,competition,impressions_90d,-0.05353030771769351,-0.06995257206218168,,27532,False
numeric_pair,competition,clicks_90d,-0.03215963251469684,-0.09201856561668056,,27532,False
numeric_pair,competition,pageviews_90d,-0.07198889310704076,-0.07665897661231212,,27532,False
numeric_pair,competition,sessions_90d,-0.06373811047485958,-0.06845584570228927,,27532,False
numeric_pair,competition,users_90d,-0.06502562559504389,-0.06904204049405648,,27532,False
numeric_pair,competition,engaged_sessions_90d,-0.01975549562731004,-0.06134462813808454,,27532,False
numeric_pair,competition,ai_sessions_90d,-0.0300905814551974,-0.06627089690369885,,27532,False
numeric_pair,competition,scroll_events_90d,-0.03514235779319168,-0.13545502266676276,,27532,False
numeric_pair,competition,days_with_impressions,-0.04958669057415865,-0.04525114554084835,,27532,False
numeric_pair,competition,days_with_sessions,-0.0888438663700392,-0.07685321474072752,,27532,False
numeric_pair,competition,impressions_last_30d,-0.040937112361736916,-0.061896007171830913,,27532,False
numeric_pair,competition,clicks_last_30d,-0.03190201241985513,-0.09728294350120077,,27532,False
numeric_pair,competition,sessions_last_30d,-0.06473100247133033,-0.04114256813583966,,27532,False
numeric_pair,competition,impressions_prev_30d,-0.051569024996312954,-0.08093828117006514,,27532,False
numeric_pair,competition,clicks_prev_30d,-0.030041014602827248,-0.08990916066326499,,27532,False
numeric_pair,competition,sessions_prev_30d,-0.03650284446807981,-0.09517269826702256,,27532,False
numeric_pair,competition,content_age_days,0.053409067780268334,0.15106153379193357,,27532,False
numeric_pair,competition,age_tier_order,0.024921820618798534,0.11180395373469529,,27532,False
numeric_pair,competition,days_since_last_update,-0.03376274645803433,-0.004269191773297738,,27532,False
numeric_pair,competition,ctr,-0.019170100083065546,-0.07195672816975777,,27532,False
numeric_pair,competition,avg_position,0.04903555172416911,0.05917924758238339,,27532,False
numeric_pair,competition,engagement_rate,0.0006940736698591209,-0.04317110328577347,,27532,False
numeric_pair,competition,scroll_rate,-0.03809830421890797,-0.10277735070459477,,27408,False
numeric_pair,competition,ai_traffic_pct,0.007955516939391425,-0.06359611191820891,,27532,False
numeric_pair,competition,trend_pct,0.014426041607792834,0.017850257726022317,,25287,False
numeric_pair,cpc,word_count,-0.09034929354643713,-0.18065492597993593,,20018,False
numeric_pair,cpc,char_count,-0.08266000973179964,-0.19743575837390268,,20018,False
numeric_pair,cpc,impressions_90d,-0.0255988169569541,-0.05679882487187667,,27532,False
numeric_pair,cpc,clicks_90d,-0.02341816728065496,-0.09000715602486482,,27532,False
numeric_pair,cpc,pageviews_90d,-0.028969803511521564,-0.06287844101749772,,27532,False
numeric_pair,cpc,sessions_90d,-0.029505337887727585,-0.05743987346937938,,27532,False
numeric_pair,cpc,users_90d,-0.029417025712689338,-0.05800294834468787,,27532,False
numeric_pair,cpc,engaged_sessions_90d,-0.014396259745373638,-0.057303764604283665,,27532,False
numeric_pair,cpc,ai_sessions_90d,-0.008519658499763957,-0.05165894074597396,,27532,False
numeric_pair,cpc,scroll_events_90d,-0.0146670171306601,-0.11213432548454903,,27532,False
numeric_pair,cpc,days_with_impressions,-0.036898989418088085,-0.03645123220505386,,27532,False
numeric_pair,cpc,days_with_sessions,-0.04608115962337882,-0.06600652615303498,,27532,False
numeric_pair,cpc,impressions_last_30d,-0.017471821483994013,-0.05028414315011764,,27532,False
numeric_pair,cpc,clicks_last_30d,-0.022812129480747935,-0.09304834315313244,,27532,False
numeric_pair,cpc,sessions_last_30d,-0.02802937307417649,-0.034176291136361676,,27532,False
numeric_pair,cpc,impressions_prev_30d,-0.025443711229430316,-0.06588269115366344,,27532,False
numeric_pair,cpc,clicks_prev_30d,-0.02311388504682648,-0.08979964973759066,,27532,False
numeric_pair,cpc,sessions_prev_30d,-0.02300131367843151,-0.08084601821945117,,27532,False
numeric_pair,cpc,content_age_days,0.07206735654072852,0.12531309676264618,,27532,False
numeric_pair,cpc,age_tier_order,0.05603598274986062,0.09884164262344518,,27532,False
numeric_pair,cpc,days_since_last_update,-0.003417464530615864,-0.004529485562697411,,27532,False
numeric_pair,cpc,ctr,-0.0022518698167356844,-0.07904782443844453,,27532,False
numeric_pair,cpc,avg_position,0.04419428083716615,0.07348939463829707,,27532,False
numeric_pair,cpc,engagement_rate,0.004043876594001355,-0.0437577885807005,,27532,False
numeric_pair,cpc,scroll_rate,-0.018809331351968345,-0.08492675374942577,,27408,False
numeric_pair,cpc,ai_traffic_pct,-0.0024142224041318514,-0.04993674024076083,,27532,False
numeric_pair,cpc,trend_pct,0.004838746198033693,0.01904850182505658,,25287,False
numeric_pair,word_count,char_count,0.9392523841008306,0.9707559128768601,,22301,True
numeric_pair,word_count,impressions_90d,0.1633453330697934,0.2986026111864463,,22301,False
numeric_pair,word_count,clicks_90d,0.09127074352630245,0.2044559957188283,,22301,False
numeric_pair,word_count,pageviews_90d,0.35989510465303376,0.4013683479983563,,22301,False
numeric_pair,word_count,sessions_90d,0.33212414196304607,0.39337762885352423,,22301,False
numeric_pair,word_count,users_90d,0.34052123915820875,0.39482681055084734,,22301,False
numeric_pair,word_count,engaged_sessions_90d,0.13454964026317784,0.179909246339853,,22301,False
numeric_pair,word_count,ai_sessions_90d,0.20758647082655804,0.22257648033941202,,22301,False
numeric_pair,word_count,scroll_events_90d,0.14944239635534304,0.2623809064211554,,22301,False
numeric_pair,word_count,days_with_impressions,0.29866970398720505,0.28552326442440873,,22301,False
numeric_pair,word_count,days_with_sessions,0.39068586847123155,0.3743953313479988,,22301,False
numeric_pair,word_count,impressions_last_30d,0.11714996583467932,0.2932224519110759,,22301,False
numeric_pair,word_count,clicks_last_30d,0.09672632697992119,0.23864804680209278,,22301,False
numeric_pair,word_count,sessions_last_30d,0.3385353671856769,0.40529767106783154,,22301,False
numeric_pair,word_count,impressions_prev_30d,0.15251209388631168,0.2917251530462567,,22301,False
numeric_pair,word_count,clicks_prev_30d,0.08755856949996747,0.20489670613194347,,22301,False
numeric_pair,word_count,sessions_prev_30d,0.19867825432443623,0.3536296951727435,,22301,False
numeric_pair,word_count,content_age_days,-0.12103049253560604,-0.17033073687968608,,22301,False
numeric_pair,word_count,age_tier_order,-0.028282506206627468,-0.11048787412957849,,22301,False
numeric_pair,word_count,days_since_last_update,0.30654039918431286,0.15386543872003355,,22301,False
numeric_pair,word_count,ctr,-0.1186364815447646,0.06917765941017245,,22301,False
numeric_pair,word_count,avg_position,0.12381305578024478,0.20176429014115116,,22301,False
numeric_pair,word_count,engagement_rate,-0.0630451517461278,0.11301832684539365,,22301,False
numeric_pair,word_count,scroll_rate,-0.1606880429313125,-0.037774134617053985,,22179,False
numeric_pair,word_count,ai_traffic_pct,0.0070056693041643785,0.21365067854224087,,22301,False
numeric_pair,word_count,trend_pct,-0.009210832056278005,0.04175855605691518,,19167,False
numeric_pair,char_count,impressions_90d,0.1443008003229038,0.2675892564769115,,22301,False
numeric_pair,char_count,clicks_90d,0.08112051239354633,0.1810441856718491,,22301,False
numeric_pair,char_count,pageviews_90d,0.3233511510563897,0.3649426037652228,,22301,False
numeric_pair,char_count,sessions_90d,0.2987396819165993,0.3614033352692995,,22301,False
numeric_pair,char_count,users_90d,0.3067160740827391,0.36320879897663455,,22301,False
numeric_pair,char_count,engaged_sessions_90d,0.11826455388419504,0.15786544117636295,,22301,False
numeric_pair,char_count,ai_sessions_90d,0.1885751440024368,0.21472705748782775,,22301,False
numeric_pair,char_count,scroll_events_90d,0.13350295490286618,0.24087087906964771,,22301,False
numeric_pair,char_count,days_with_impressions,0.25149262995084104,0.24678699677208032,,22301,False
numeric_pair,char_count,days_with_sessions,0.34464691999923047,0.3416827357886369,,22301,False
numeric_pair,char_count,impressions_last_30d,0.10500393325896887,0.2678565428565739,,22301,False
numeric_pair,char_count,clicks_last_30d,0.0863098025848902,0.21809184502773582,,22301,False
numeric_pair,char_count,sessions_last_30d,0.3072884257536854,0.38529070420798595,,22301,False
numeric_pair,char_count,impressions_prev_30d,0.13520484992919915,0.25911976573460416,,22301,False
numeric_pair,char_count,clicks_prev_30d,0.07898261243134655,0.185492205819413,,22301,False
numeric_pair,char_count,sessions_prev_30d,0.1785690710316057,0.3274319838749597,,22301,False
numeric_pair,char_count,content_age_days,-0.1474857787310571,-0.23285716758081074,,22301,False
numeric_pair,char_count,age_tier_order,-0.06139686802211948,-0.17003942958753845,,22301,False
numeric_pair,char_count,days_since_last_update,0.27074163465150497,0.14890071759276835,,22301,False
numeric_pair,char_count,ctr,-0.1080628096478247,0.059989382385675846,,22301,False
numeric_pair,char_count,avg_position,0.09939965209198669,0.1651556177844787,,22301,False
numeric_pair,char_count,engagement_rate,-0.06156624702594021,0.0923868070668769,,22301,False
numeric_pair,char_count,scroll_rate,-0.13946687683476158,-0.03543380092881495,,22179,False
numeric_pair,char_count,ai_traffic_pct,0.007185947912159149,0.205856955228092,,22301,False
numeric_pair,char_count,trend_pct,-0.00696907238405282,0.04365349369093591,,19167,False
numeric_pair,impressions_90d,clicks_90d,0.6962810028467815,0.8264473626486961,,30000,False
numeric_pair,impressions_90d,pageviews_90d,0.5825631456162869,0.7493770786781315,,30000,False
numeric_pair,impressions_90d,sessions_90d,0.6299249915041969,0.7468587646855794,,30000,False
numeric_pair,impressions_90d,users_90d,0.6209736230067752,0.7453816877481647,,30000,False
numeric_pair,impressions_90d,engaged_sessions_90d,0.4998327581347504,0.5589911252182198,,30000,False
numeric_pair,impressions_90d,ai_sessions_90d,0.21679480215309826,0.2423194221582116,,30000,False
numeric_pair,impressions_90d,scroll_events_90d,0.30235054833744757,0.42573386498268484,,30000,False
numeric_pair,impressions_90d,days_with_impressions,0.24004193606420676,0.9176969672197282,,30000,True
numeric_pair,impressions_90d,days_with_sessions,0.600219098276088,0.7754158915416677,,30000,False
numeric_pair,impressions_90d,impressions_last_30d,0.9182434845111616,0.9518842200287196,,30000,True
numeric_pair,impressions_90d,clicks_last_30d,0.6862192192396906,0.7497082515577729,,30000,False
numeric_pair,impressions_90d,sessions_last_30d,0.6018189796283103,0.6791289330049523,,30000,False
numeric_pair,impressions_90d,impressions_prev_30d,0.9725493972804802,0.9735150244544495,,30000,True
numeric_pair,impressions_90d,clicks_prev_30d,0.6610432693932565,0.7402240514839912,,30000,False
numeric_pair,impressions_90d,sessions_prev_30d,0.5237211985322521,0.7118352975734237,,30000,False
numeric_pair,impressions_90d,content_age_days,-0.0007426392446796699,0.009179957532275452,,30000,False
numeric_pair,impressions_90d,age_tier_order,0.007531876631578311,0.026935361731604216,,30000,False
numeric_pair,impressions_90d,days_since_last_update,0.08159715309253857,0.2542095542190339,,30000,False
numeric_pair,impressions_90d,ctr,-0.01894973657977039,0.53980366072351,,30000,False
numeric_pair,impressions_90d,avg_position,-0.07078634151911986,0.07138471051697136,,30000,False
numeric_pair,impressions_90d,engagement_rate,0.02431759808996866,0.48671302169870817,,30000,False
numeric_pair,impressions_90d,scroll_rate,-0.09690450599423982,-0.04343915997090937,,29875,False
numeric_pair,impressions_90d,ai_traffic_pct,-0.008517668028537607,0.23482225117885058,,30000,False
numeric_pair,impressions_90d,trend_pct,0.024187124899783183,0.14780541486099955,,26612,False
numeric_pair,clicks_90d,pageviews_90d,0.6993043220016437,0.7066588863329811,,30000,False
numeric_pair,clicks_90d,sessions_90d,0.7656607478827365,0.7032439966495001,,30000,False
numeric_pair,clicks_90d,users_90d,0.7490015823766659,0.7003001498293354,,30000,False
numeric_pair,clicks_90d,engaged_sessions_90d,0.7337502137228638,0.6097124417844266,,30000,False
numeric_pair,clicks_90d,ai_sessions_90d,0.15476354617957075,0.24991957496390446,,30000,False
numeric_pair,clicks_90d,scroll_events_90d,0.46502737095317775,0.4666687287314248,,30000,False
numeric_pair,clicks_90d,days_with_impressions,0.16601280233174642,0.7373296289439268,,30000,False
numeric_pair,clicks_90d,days_with_sessions,0.561744086142163,0.7556538324003027,,30000,False
numeric_pair,clicks_90d,impressions_last_30d,0.6377761325256699,0.8124278660284698,,30000,False
numeric_pair,clicks_90d,clicks_last_30d,0.9467565709513892,0.8665789560661442,,30000,True
numeric_pair,clicks_90d,sessions_last_30d,0.7020112100781468,0.6299458554431006,,30000,False
numeric_pair,clicks_90d,impressions_prev_30d,0.6933188929261687,0.8089882208659122,,30000,False
numeric_pair,clicks_90d,clicks_prev_30d,0.9765044914616557,0.8712416739380807,,30000,True
numeric_pair,clicks_90d,sessions_prev_30d,0.6945793257797063,0.6866373699608359,,30000,False
numeric_pair,clicks_90d,content_age_days,-0.022678013844618462,-0.045926460888088064,,30000,False
numeric_pair,clicks_90d,age_tier_order,-0.016885498917282818,-0.027424619199188722,,30000,False
numeric_pair,clicks_90d,days_since_last_update,0.04444395650057403,0.14874562967003915,,30000,False
numeric_pair,clicks_90d,ctr,0.010608834300972122,0.8566751059007611,,30000,False
numeric_pair,clicks_90d,avg_position,-0.0993044904508139,-0.13780013879339234,,30000,False
numeric_pair,clicks_90d,engagement_rate,0.030526841381340906,0.5373763740223503,,30000,False
numeric_pair,clicks_90d,scroll_rate,-0.06223526080388645,0.016220100372720474,,29875,False
numeric_pair,clicks_90d,ai_traffic_pct,-0.010368721495304222,0.2421611447429476,,30000,False
numeric_pair,clicks_90d,trend_pct,-0.0017776692643148332,0.1756410878720242,,26612,False
numeric_pair,pageviews_90d,sessions_90d,0.9738970752368805,0.9917766946724059,,30000,True
numeric_pair,pageviews_90d,users_90d,0.9712127514811487,0.9907862838170663,,30000,True
numeric_pair,pageviews_90d,engaged_sessions_90d,0.6659921151582266,0.5961871821339153,,30000,False
numeric_pair,pageviews_90d,ai_sessions_90d,0.3497813696330479,0.2789459893886684,,30000,False
numeric_pair,pageviews_90d,scroll_events_90d,0.5471136952349761,0.6280132235162138,,30000,False
numeric_pair,pageviews_90d,days_with_impressions,0.2321348812004612,0.6843351663125583,,30000,False
numeric_pair,pageviews_90d,days_with_sessions,0.6877401996813504,0.9717294994128335,,30000,True
numeric_pair,pageviews_90d,impressions_last_30d,0.5337229117212213,0.7454386711419501,,30000,False
numeric_pair,pageviews_90d,clicks_last_30d,0.6814749172077971,0.6698913187165397,,30000,False
numeric_pair,pageviews_90d,sessions_last_30d,0.9067793572684626,0.8694349357774597,,30000,True
numeric_pair,pageviews_90d,impressions_prev_30d,0.5631561583555463,0.7415719384751367,,30000,False
numeric_pair,pageviews_90d,clicks_prev_30d,0.66594736766979,0.658179892392428,,30000,False
numeric_pair,pageviews_90d,sessions_prev_30d,0.7833919574263557,0.8217252581113909,,30000,False
numeric_pair,pageviews_90d,content_age_days,-0.04027071021744887,-0.01351066810942138,,30000,False
numeric_pair,pageviews_90d,age_tier_order,-0.016075388671028704,0.016342482326907687,,30000,False
numeric_pair,pageviews_90d,days_since_last_update,0.1867874812595363,0.2709672917704368,,30000,False
numeric_pair,pageviews_90d,ctr,-0.004176860802560363,0.48827132340824314,,30000,False
numeric_pair,pageviews_90d,avg_position,-0.01717740160031458,0.026364179279873085,,30000,False
numeric_pair,pageviews_90d,engagement_rate,0.006455182426245478,0.5063378395560463,,30000,False
numeric_pair,pageviews_90d,scroll_rate,-0.11330289756099216,0.05233105500731252,,29875,False
numeric_pair,pageviews_90d,ai_traffic_pct,-0.006670036385104742,0.2702848756638676,,30000,False
numeric_pair,pageviews_90d,trend_pct,-0.0011894678008699756,0.1531155271208621,,26612,False
numeric_pair,sessions_90d,users_90d,0.9981111361576133,0.9992180584353271,,30000,True
numeric_pair,sessions_90d,engaged_sessions_90d,0.6791581771030085,0.5953263635399064,,30000,False
numeric_pair,sessions_90d,ai_sessions_90d,0.31265424267415837,0.2756699279689153,,30000,False
numeric_pair,sessions_90d,scroll_events_90d,0.6179264055934421,0.6315715213986914,,30000,False
numeric_pair,sessions_90d,days_with_impressions,0.2381941399366847,0.684238479782419,,30000,False
numeric_pair,sessions_90d,days_with_sessions,0.6915867776165318,0.9789467541661848,,30000,True
numeric_pair,sessions_90d,impressions_last_30d,0.5733851801433927,0.7482083417350456,,30000,False
numeric_pair,sessions_90d,clicks_last_30d,0.733911149470852,0.669425041659657,,30000,False
numeric_pair,sessions_90d,sessions_last_30d,0.8775855967757169,0.8832956849984068,,30000,False
numeric_pair,sessions_90d,impressions_prev_30d,0.6131255279934815,0.7393844034540281,,30000,False
numeric_pair,sessions_90d,clicks_prev_30d,0.7330613582325219,0.6598565483765888,,30000,False
numeric_pair,sessions_90d,sessions_prev_30d,0.8371168430637806,0.8269598040065559,,30000,False
numeric_pair,sessions_90d,content_age_days,-0.028435658985930666,0.00040736397739950367,,30000,False
numeric_pair,sessions_90d,age_tier_order,-0.005952339287422601,0.02904881961026755,,30000,False
numeric_pair,sessions_90d,days_since_last_update,0.16164013851496128,0.25647902034693537,,30000,False
numeric_pair,sessions_90d,ctr,-0.006054770958745457,0.4797858244070395,,30000,False
numeric_pair,sessions_90d,avg_position,-0.03262851028012796,0.011258935435404887,,30000,False
numeric_pair,sessions_90d,engagement_rate,0.0058949375143259415,0.5038575751575711,,30000,False
numeric_pair,sessions_90d,scroll_rate,-0.11059466926327458,0.06275999179741557,,29875,False
numeric_pair,sessions_90d,ai_traffic_pct,-0.010088032606387626,0.2670910051502761,,30000,False
numeric_pair,sessions_90d,trend_pct,-0.0031619976303836096,0.1675666014185542,,26612,False
numeric_pair,users_90d,engaged_sessions_90d,0.67244547836831,0.5934378700214462,,30000,False
numeric_pair,users_90d,ai_sessions_90d,0.3115116222056301,0.27586626981848256,,30000,False
numeric_pair,users_90d,scroll_events_90d,0.6412610273795453,0.6320970524643895,,30000,False
numeric_pair,users_90d,days_with_impressions,0.23765640114847103,0.6830353852131882,,30000,False
numeric_pair,users_90d,days_with_sessions,0.6844053318374278,0.9785419736319074,,30000,True
numeric_pair,users_90d,impressions_last_30d,0.5639287723781727,0.746949942203241,,30000,False
numeric_pair,users_90d,clicks_last_30d,0.7172140360365111,0.6671998107254051,,30000,False
numeric_pair,users_90d,sessions_last_30d,0.8672464234318723,0.8837432319193571,,30000,False
numeric_pair,users_90d,impressions_prev_30d,0.6045109237028137,0.7380723522116219,,30000,False
numeric_pair,users_90d,clicks_prev_30d,0.7182346651275796,0.657473869301069,,30000,False
numeric_pair,users_90d,sessions_prev_30d,0.8435602433224797,0.8256359227892737,,30000,False
numeric_pair,users_90d,content_age_days,-0.02749662329006244,-0.0003614985294503219,,30000,False
numeric_pair,users_90d,age_tier_order,-0.00426629969302657,0.028401236119319585,,30000,False
numeric_pair,users_90d,days_since_last_update,0.16544234683508166,0.2569774319261593,,30000,False
numeric_pair,users_90d,ctr,-0.00664190511849986,0.47645902540432206,,30000,False
numeric_pair,users_90d,avg_position,-0.030061699855348636,0.011771583384239845,,30000,False
numeric_pair,users_90d,engagement_rate,0.005219656492334267,0.5017835559885632,,30000,False
numeric_pair,users_90d,scroll_rate,-0.10993027394967117,0.06388818897275045,,29875,False
numeric_pair,users_90d,ai_traffic_pct,-0.009936464992286816,0.26728849378196196,,30000,False
numeric_pair,users_90d,trend_pct,-0.003703847804989134,0.16692546140750888,,26612,False
numeric_pair,engaged_sessions_90d,ai_sessions_90d,0.23736401153805428,0.28013361822578126,,30000,False
numeric_pair,engaged_sessions_90d,scroll_events_90d,0.43679321545226024,0.6214374476951617,,30000,False
numeric_pair,engaged_sessions_90d,days_with_impressions,0.16359415623921664,0.4640295978174303,,30000,False
numeric_pair,engaged_sessions_90d,days_with_sessions,0.5274296975830335,0.6244040437943037,,30000,False
numeric_pair,engaged_sessions_90d,impressions_last_30d,0.4532766932360407,0.5545548967569389,,30000,False
numeric_pair,engaged_sessions_90d,clicks_last_30d,0.7055828797969885,0.5962144340574907,,30000,False
numeric_pair,engaged_sessions_90d,sessions_last_30d,0.6308480724330396,0.5429969191435363,,30000,False
numeric_pair,engaged_sessions_90d,impressions_prev_30d,0.4860649856446886,0.5485417883922303,,30000,False
numeric_pair,engaged_sessions_90d,clicks_prev_30d,0.7279323475615767,0.5955363787235013,,30000,False
numeric_pair,engaged_sessions_90d,sessions_prev_30d,0.5733767766888155,0.5796109560823398,,30000,False
numeric_pair,engaged_sessions_90d,content_age_days,-0.003433488836405592,0.007581476588717962,,30000,False
numeric_pair,engaged_sessions_90d,age_tier_order,0.003979316931880426,0.021859304443599365,,30000,False
numeric_pair,engaged_sessions_90d,days_since_last_update,0.0816718869758139,0.1414209429213955,,30000,False
numeric_pair,engaged_sessions_90d,ctr,0.009095817579652865,0.4413687687327856,,30000,False
numeric_pair,engaged_sessions_90d,avg_position,-0.05450934577198967,-0.048628275238593074,,30000,False
numeric_pair,engaged_sessions_90d,engagement_rate,0.13506627239506147,0.9661289004781713,,30000,True
numeric_pair,engaged_sessions_90d,scroll_rate,-0.046357386858220086,0.20977609942232894,,29875,False
numeric_pair,engaged_sessions_90d,ai_traffic_pct,-0.0017923165249443512,0.2703770713497668,,30000,False
numeric_pair,engaged_sessions_90d,trend_pct,0.0015983928683932704,0.14013796413769514,,26612,False
numeric_pair,ai_sessions_90d,scroll_events_90d,0.12786567093976853,0.2586122606392373,,30000,False
numeric_pair,ai_sessions_90d,days_with_impressions,0.09461914635573616,0.19400436248858757,,30000,False
numeric_pair,ai_sessions_90d,days_with_sessions,0.2960821389166735,0.27923728894144606,,30000,False
numeric_pair,ai_sessions_90d,impressions_last_30d,0.1989163569145685,0.2308688860060699,,30000,False
numeric_pair,ai_sessions_90d,clicks_last_30d,0.15641447151782512,0.25288349733968396,,30000,False
numeric_pair,ai_sessions_90d,sessions_last_30d,0.3038466646423337,0.25158047215571566,,30000,False
numeric_pair,ai_sessions_90d,impressions_prev_30d,0.20653344141722768,0.240130178043902,,30000,False
numeric_pair,ai_sessions_90d,clicks_prev_30d,0.1472792871009699,0.24840057034534915,,30000,False
numeric_pair,ai_sessions_90d,sessions_prev_30d,0.18694965561501056,0.26885508120813195,,30000,False
numeric_pair,ai_sessions_90d,content_age_days,-0.03277569540530263,-0.01600836444637183,,30000,False
numeric_pair,ai_sessions_90d,age_tier_order,-0.012630772069806796,0.0012831859428512218,,30000,False
numeric_pair,ai_sessions_90d,days_since_last_update,0.11657986774119247,0.12845168954461117,,30000,False
numeric_pair,ai_sessions_90d,ctr,-0.0030937841484025095,0.15907265713420984,,30000,False
numeric_pair,ai_sessions_90d,avg_position,0.035971468824551635,0.06633971181254458,,30000,False
numeric_pair,ai_sessions_90d,engagement_rate,0.01637743683040518,0.2113130991924835,,30000,False
numeric_pair,ai_sessions_90d,scroll_rate,-0.044310349710681346,0.028101432653520546,,29875,False
numeric_pair,ai_sessions_90d,ai_traffic_pct,0.28025194188236874,0.9987309049002764,,30000,True
numeric_pair,ai_sessions_90d,trend_pct,-0.003464768782169409,0.036630330569955134,,26612,False
numeric_pair,scroll_events_90d,days_with_impressions,0.10149616707120668,0.33375218447911975,,30000,False
numeric_pair,scroll_events_90d,days_with_sessions,0.32167174556212613,0.624447600220478,,30000,False
numeric_pair,scroll_events_90d,impressions_last_30d,0.24303987030028845,0.40043671914302037,,30000,False
numeric_pair,scroll_events_90d,clicks_last_30d,0.40234428442919296,0.4593804215164901,,30000,False
numeric_pair,scroll_events_90d,sessions_last_30d,0.3499606937570368,0.479192739642653,,30000,False
numeric_pair,scroll_events_90d,impressions_prev_30d,0.2976313395442492,0.41760569704251593,,30000,False
numeric_pair,scroll_events_90d,clicks_prev_30d,0.45692951348761185,0.4626921131115,,30000,False
numeric_pair,scroll_events_90d,sessions_prev_30d,0.7248390450410053,0.5026667190472921,,30000,False
numeric_pair,scroll_events_90d,content_age_days,-0.027214250245740264,-0.13092214156924933,,30000,False
numeric_pair,scroll_events_90d,age_tier_order,-0.014447939754546479,-0.11583074601040136,,30000,False
numeric_pair,scroll_events_90d,days_since_last_update,0.04639208463249307,0.08148436694115166,,30000,False
numeric_pair,scroll_events_90d,ctr,0.0016927694489415408,0.3124898828864884,,30000,False
numeric_pair,scroll_events_90d,avg_position,-0.020756211875495836,-0.06811186872323002,,30000,False
numeric_pair,scroll_events_90d,engagement_rate,0.02537600328019776,0.5599469724124343,,30000,False
numeric_pair,scroll_events_90d,scroll_rate,0.027079450787246117,0.7014571988039185,,29875,False
numeric_pair,scroll_events_90d,ai_traffic_pct,-0.0032747760491911495,0.25031698791666,,30000,False
numeric_pair,scroll_events_90d,trend_pct,-0.004865027984541135,0.02515470257930268,,26612,False
numeric_pair,days_with_impressions,days_with_sessions,0.44913187451195496,0.7068505271777447,,30000,False
numeric_pair,days_with_impressions,impressions_last_30d,0.1934589657542501,0.8947581559433568,,30000,False
numeric_pair,days_with_impressions,clicks_last_30d,0.15781429875595882,0.6455351130348163,,30000,False
numeric_pair,days_with_impressions,sessions_last_30d,0.23653812350997236,0.6289899753526258,,30000,False
numeric_pair,days_with_impressions,impressions_prev_30d,0.2261247709041162,0.9119260023058601,,30000,True
numeric_pair,days_with_impressions,clicks_prev_30d,0.14836868153278743,0.6436376205083675,,30000,False
numeric_pair,days_with_impressions,sessions_prev_30d,0.16874061650112057,0.6495260992108002,,30000,False
numeric_pair,days_with_impressions,content_age_days,0.09210512471192397,0.10893600047251054,,30000,False
numeric_pair,days_with_impressions,age_tier_order,0.10680596936417985,0.12167773707093728,,30000,False
numeric_pair,days_with_impressions,days_since_last_update,0.22239286420631016,0.29532087579038263,,30000,False
numeric_pair,days_with_impressions,ctr,-0.1295541729262428,0.5121992471255357,,30000,False
numeric_pair,days_with_impressions,avg_position,0.07800927752365944,0.14019263977456597,,30000,False
numeric_pair,days_with_impressions,engagement_rate,0.06394979191233181,0.4151665568329755,,30000,False
numeric_pair,days_with_impressions,scroll_rate,-0.3166172951410034,-0.07771262351851017,,29875,False
numeric_pair,days_with_impressions,ai_traffic_pct,-0.029251927821102103,0.18848128558093474,,30000,False
numeric_pair,days_with_impressions,trend_pct,-0.03177605118945556,0.20575046860517718,,26612,False
numeric_pair,days_with_sessions,impressions_last_30d,0.5349217800951982,0.7741163167322465,,30000,False
numeric_pair,days_with_sessions,clicks_last_30d,0.5458265849581752,0.715957955718466,,30000,False
numeric_pair,days_with_sessions,sessions_last_30d,0.6826453967442171,0.8669162172280164,,30000,False
numeric_pair,days_with_sessions,impressions_prev_30d,0.5775191723564674,0.7687142732605606,,30000,False
numeric_pair,days_with_sessions,clicks_prev_30d,0.5201870934982369,0.7118390867395914,,30000,False
numeric_pair,days_with_sessions,sessions_prev_30d,0.5252439369594513,0.8546647722121168,,30000,False
numeric_pair,days_with_sessions,content_age_days,-0.02966390520628201,-0.0038953926892613976,,30000,False
numeric_pair,days_with_sessions,age_tier_order,-0.0058459466080137135,0.023367683241453847,,30000,False
numeric_pair,days_with_sessions,days_since_last_update,0.19156943817852304,0.2434529101095183,,30000,False
numeric_pair,days_with_sessions,ctr,-0.02140097507664495,0.529317603568058,,30000,False
numeric_pair,days_with_sessions,avg_position,-0.10604610345708065,-0.012324957064415921,,30000,False
numeric_pair,days_with_sessions,engagement_rate,0.044146159191439695,0.5385633858381397,,30000,False
numeric_pair,days_with_sessions,scroll_rate,-0.2043694826776342,0.07046676169702716,,29875,False
numeric_pair,days_with_sessions,ai_traffic_pct,-0.01430465123390753,0.2713131484681045,,30000,False
numeric_pair,days_with_sessions,trend_pct,-0.007596223450907333,0.17666659521764244,,26612,False
numeric_pair,impressions_last_30d,clicks_last_30d,0.6810346404053055,0.7673829491491039,,30000,False
numeric_pair,impressions_last_30d,sessions_last_30d,0.5844423242079736,0.7246399451943057,,30000,False
numeric_pair,impressions_last_30d,impressions_prev_30d,0.8637226482353105,0.9297650031866593,,30000,True
numeric_pair,impressions_last_30d,clicks_prev_30d,0.599475105844492,0.7362192956520172,,30000,False
numeric_pair,impressions_last_30d,sessions_prev_30d,0.47602708076965294,0.6996374619597422,,30000,False
numeric_pair,impressions_last_30d,content_age_days,-0.00017032507179754125,0.04975657788832169,,30000,False
numeric_pair,impressions_last_30d,age_tier_order,0.007214993756581949,0.06736750647033075,,30000,False
numeric_pair,impressions_last_30d,days_since_last_update,0.0608488599651896,0.24609248723836225,,30000,False
numeric_pair,impressions_last_30d,ctr,-0.014163058814272884,0.5426305294649876,,30000,False
numeric_pair,impressions_last_30d,avg_position,-0.0676415362964997,0.08033108853893721,,30000,False
numeric_pair,impressions_last_30d,engagement_rate,0.021457437689005498,0.48165234832566384,,30000,False
numeric_pair,impressions_last_30d,scroll_rate,-0.09123827468511604,-0.07024195547322706,,29875,False
numeric_pair,impressions_last_30d,ai_traffic_pct,-0.007679029948416029,0.2228720242104962,,30000,False
numeric_pair,impressions_last_30d,trend_pct,0.09673706517567406,0.3699814028452897,,26612,False
numeric_pair,clicks_last_30d,sessions_last_30d,0.7403357654151326,0.6642755882267435,,30000,False
numeric_pair,clicks_last_30d,impressions_prev_30d,0.6775677964380422,0.733044315223282,,30000,False
numeric_pair,clicks_last_30d,clicks_prev_30d,0.9225193532060544,0.7685628280207898,,30000,True
numeric_pair,clicks_last_30d,sessions_prev_30d,0.6518840308284926,0.6430918092078594,,30000,False
numeric_pair,clicks_last_30d,content_age_days,-0.024261508839579924,-0.046204714723848135,,30000,False
numeric_pair,clicks_last_30d,age_tier_order,-0.01909010597734173,-0.028705737447951313,,30000,False
numeric_pair,clicks_last_30d,days_since_last_update,0.042219048472911025,0.1417096864658278,,30000,False
numeric_pair,clicks_last_30d,ctr,0.009027343238958525,0.6622237784987495,,30000,False
numeric_pair,clicks_last_30d,avg_position,-0.09297011975934578,-0.13650094271634752,,30000,False
numeric_pair,clicks_last_30d,engagement_rate,0.02989627912717001,0.5100417934654655,,30000,False
numeric_pair,clicks_last_30d,scroll_rate,-0.06687481567551709,0.013221781462886778,,29875,False
numeric_pair,clicks_last_30d,ai_traffic_pct,-0.010105111789259106,0.24401464054071864,,30000,False
numeric_pair,clicks_last_30d,trend_pct,0.0063456095105693415,0.2294629880894378,,26612,False
numeric_pair,sessions_last_30d,impressions_prev_30d,0.5811954306473687,0.6710858531701972,,30000,False
numeric_pair,sessions_last_30d,clicks_prev_30d,0.6653191868288578,0.5898873006058581,,30000,False
numeric_pair,sessions_last_30d,sessions_prev_30d,0.6626656162103083,0.6937385767201105,,30000,False
numeric_pair,sessions_last_30d,content_age_days,-0.010632858563954165,0.05127729962953531,,30000,False
numeric_pair,sessions_last_30d,age_tier_order,0.008624512135173457,0.07596372977436887,,30000,False
numeric_pair,sessions_last_30d,days_since_last_update,0.15548037674693393,0.2363122317871949,,30000,False
numeric_pair,sessions_last_30d,ctr,-0.009540083547602335,0.41587718373818006,,30000,False
numeric_pair,sessions_last_30d,avg_position,-0.03817633963725112,0.013861021873860754,,30000,False
numeric_pair,sessions_last_30d,engagement_rate,0.004126682924718906,0.45105946291741456,,30000,False
numeric_pair,sessions_last_30d,scroll_rate,-0.13773440410011978,-0.056038782364708634,,29875,False
numeric_pair,sessions_last_30d,ai_traffic_pct,-0.011903258276923043,0.2422882846403729,,30000,False
numeric_pair,sessions_last_30d,trend_pct,0.007872339008600524,0.2621895038480777,,26612,False
numeric_pair,impressions_prev_30d,clicks_prev_30d,0.6824528565126021,0.7511532515323073,,30000,False
numeric_pair,impressions_prev_30d,sessions_prev_30d,0.5289609578860416,0.731724023073317,,30000,False
numeric_pair,impressions_prev_30d,content_age_days,-0.009502532353411473,0.0014024205807645607,,30000,False
numeric_pair,impressions_prev_30d,age_tier_order,-0.0018907446326915912,0.02618214043203455,,30000,False
numeric_pair,impressions_prev_30d,days_since_last_update,0.07311242408392112,0.2565540752843436,,30000,False
numeric_pair,impressions_prev_30d,ctr,-0.017402126786923686,0.5267146872850055,,30000,False
numeric_pair,impressions_prev_30d,avg_position,-0.06951564120439314,0.07115677195730662,,30000,False
numeric_pair,impressions_prev_30d,engagement_rate,0.021932597246662227,0.4748903281522792,,30000,False
numeric_pair,impressions_prev_30d,scroll_rate,-0.09045907318880789,-0.04444471462774993,,29875,False
numeric_pair,impressions_prev_30d,ai_traffic_pct,-0.007971083382196065,0.23256846374854873,,30000,False
numeric_pair,impressions_prev_30d,trend_pct,-0.010279263303138733,0.0853147773950493,,26612,False
numeric_pair,clicks_prev_30d,sessions_prev_30d,0.6932368584326027,0.7244720365775889,,30000,False
numeric_pair,clicks_prev_30d,content_age_days,-0.02439182552623696,-0.04186645708667066,,30000,False
numeric_pair,clicks_prev_30d,age_tier_order,-0.018270980797231978,-0.021596770497254506,,30000,False
numeric_pair,clicks_prev_30d,days_since_last_update,0.04077943616336204,0.13740279259244528,,30000,False
numeric_pair,clicks_prev_30d,ctr,0.010217007549614783,0.6817517229022293,,30000,False
numeric_pair,clicks_prev_30d,avg_position,-0.0912367449586218,-0.15480839760092874,,30000,False
numeric_pair,clicks_prev_30d,engagement_rate,0.028186257992087054,0.5116091548809176,,30000,False
numeric_pair,clicks_prev_30d,scroll_rate,-0.053405499382965106,0.030924053063101493,,29875,False
numeric_pair,clicks_prev_30d,ai_traffic_pct,-0.009099163920368192,0.23995727921102233,,30000,False
numeric_pair,clicks_prev_30d,trend_pct,-0.004308567127925734,0.14309152206520473,,26612,False
numeric_pair,sessions_prev_30d,content_age_days,-0.009474238826162745,0.011056467560708556,,30000,False
numeric_pair,sessions_prev_30d,age_tier_order,0.0018040747576867253,0.04118724440112353,,30000,False
numeric_pair,sessions_prev_30d,days_since_last_update,0.0760531221686062,0.26115632804581984,,30000,False
numeric_pair,sessions_prev_30d,ctr,-0.0003463669513779713,0.46817164303157116,,30000,False
numeric_pair,sessions_prev_30d,avg_position,-0.057639728298126046,0.008552983817247645,,30000,False
numeric_pair,sessions_prev_30d,engagement_rate,0.013404483251157737,0.48777142809716456,,30000,False
numeric_pair,sessions_prev_30d,scroll_rate,-0.07389039358658214,0.01858892524198053,,29875,False
numeric_pair,sessions_prev_30d,ai_traffic_pct,-0.007544862399044341,0.26055943408371834,,30000,False
numeric_pair,sessions_prev_30d,trend_pct,-0.00533494986353868,0.13195470429630976,,26612,False
numeric_pair,content_age_days,age_tier_order,0.9510524511587319,0.9357663783186743,,30000,True
numeric_pair,content_age_days,days_since_last_update,0.03834340463359033,0.2819143593047835,,30000,False
numeric_pair,content_age_days,ctr,0.009459962690555648,-0.05853942645886451,,30000,False
numeric_pair,content_age_days,avg_position,0.15823765038546553,0.13674577216663275,,30000,False
numeric_pair,content_age_days,engagement_rate,0.039776495318842864,0.017546573428893673,,30000,False
numeric_pair,content_age_days,scroll_rate,-0.11644885662567489,-0.14144699410010203,,29875,False
numeric_pair,content_age_days,ai_traffic_pct,-0.001194531869400973,-0.01466098931913889,,30000,False
numeric_pair,content_age_days,trend_pct,0.0007118810740877784,0.21566887913016936,,26612,False
numeric_pair,age_tier_order,days_since_last_update,0.0519987088581693,0.2500685157329763,,30000,False
numeric_pair,age_tier_order,ctr,0.008387377396546,-0.04209261790724241,,30000,False
numeric_pair,age_tier_order,avg_position,0.1517058385755342,0.14581603171828136,,30000,False
numeric_pair,age_tier_order,engagement_rate,0.03233481488613043,0.028295435969929117,,30000,False
numeric_pair,age_tier_order,scroll_rate,-0.1217235246161328,-0.14471800583886377,,29875,False
numeric_pair,age_tier_order,ai_traffic_pct,-0.0027499542341626044,0.0018886298319749227,,30000,False
numeric_pair,age_tier_order,trend_pct,0.0006981687434912204,0.22950706941443988,,26612,False
numeric_pair,days_since_last_update,ctr,-0.020760433950935367,0.07603561753568971,,30000,False
numeric_pair,days_since_last_update,avg_position,0.07014004601971882,0.18646055369999465,,30000,False
numeric_pair,days_since_last_update,engagement_rate,-0.013660972307730928,0.10234975472484184,,30000,False
numeric_pair,days_since_last_update,scroll_rate,-0.14688707366192702,-0.1250165417585267,,29875,False
numeric_pair,days_since_last_update,ai_traffic_pct,-0.010358385629797927,0.12216804426195597,,30000,False
numeric_pair,days_since_last_update,trend_pct,-0.014229712558539657,0.07231517001566581,,26612,False
numeric_pair,ctr,avg_position,-0.0725902997683245,-0.14444732354619816,,30000,False
numeric_pair,ctr,engagement_rate,0.09690288599987268,0.407056647004828,,30000,False
numeric_pair,ctr,scroll_rate,0.012954806512396517,0.01143866475928991,,29875,False
numeric_pair,ctr,ai_traffic_pct,0.005609704737868829,0.15473699516181708,,30000,False
numeric_pair,ctr,trend_pct,0.00796843091761824,0.1706743388641774,,26612,False
numeric_pair,avg_position,engagement_rate,-0.017925685283108127,-0.04511432664524726,,30000,False
numeric_pair,avg_position,scroll_rate,-0.03975682577411792,-0.09496986606668287,,29875,False
numeric_pair,avg_position,ai_traffic_pct,0.0065433504809488474,0.06368520372639158,,30000,False
numeric_pair,avg_position,trend_pct,0.047248447548896365,0.07681012433372056,,26612,False
numeric_pair,engagement_rate,scroll_rate,0.16261113007532332,0.25072057407227305,,29875,False
numeric_pair,engagement_rate,ai_traffic_pct,0.031503757642933124,0.20532583016638994,,30000,False
numeric_pair,engagement_rate,trend_pct,0.00841155429740994,0.11930600943565728,,26612,False
numeric_pair,scroll_rate,ai_traffic_pct,0.015547466584411045,0.02856037829642378,,29875,False
numeric_pair,scroll_rate,trend_pct,0.0018679687736171161,-0.09264729661450925,,26513,False
numeric_pair,ai_traffic_pct,trend_pct,-0.0038244365689916304,0.03369883164046037,,26612,False
numeric_target,search_volume,trend_direction,,,0.000595,27532,False
numeric_target,competition,trend_direction,,,0.002278,27532,False
numeric_target,cpc,trend_direction,,,0.000673,27532,False
numeric_target,word_count,trend_direction,,,0.037734,22301,False
numeric_target,char_count,trend_direction,,,0.023103,22301,False
numeric_target,impressions_90d,trend_direction,,,0.021864,30000,False
numeric_target,clicks_90d,trend_direction,,,0.01734,30000,False
numeric_target,pageviews_90d,trend_direction,,,0.022418,30000,False
numeric_target,sessions_90d,trend_direction,,,0.024525,30000,False
numeric_target,users_90d,trend_direction,,,0.024359,30000,False
numeric_target,engaged_sessions_90d,trend_direction,,,0.01327,30000,False
numeric_target,ai_sessions_90d,trend_direction,,,0.004017,30000,False
numeric_target,scroll_events_90d,trend_direction,,,0.003405,30000,False
numeric_target,days_with_impressions,trend_direction,,,0.392382,30000,False
numeric_target,days_with_sessions,trend_direction,,,0.07091,30000,False
numeric_target,impressions_last_30d,trend_direction,,,0.027492,30000,False
numeric_target,clicks_last_30d,trend_direction,,,0.020199,30000,False
numeric_target,sessions_last_30d,trend_direction,,,0.027461,30000,False
numeric_target,impressions_prev_30d,trend_direction,,,0.019718,30000,False
numeric_target,clicks_prev_30d,trend_direction,,,0.01411,30000,False
numeric_target,sessions_prev_30d,trend_direction,,,0.016399,30000,False
numeric_target,content_age_days,trend_direction,,,0.039893,30000,False
numeric_target,age_tier_order,trend_direction,,,0.041497,30000,False
numeric_target,days_since_last_update,trend_direction,,,0.030774,30000,False
numeric_target,ctr,trend_direction,,,0.008755,30000,False
numeric_target,avg_position,trend_direction,,,0.042299,30000,False
numeric_target,engagement_rate,trend_direction,,,0.001699,30000,False
numeric_target,scroll_rate,trend_direction,,,0.026607,29875,False
numeric_target,ai_traffic_pct,trend_direction,,,0.000951,30000,False
numeric_target,trend_pct,trend_direction,,,0.035798,26612,False
categorical_target,competition_level,trend_direction,,,0.21669,27390,False
categorical_target,content_type,trend_direction,,,0.292205,30000,False
categorical_target,main_intent,trend_direction,,,0.199956,27626,False
categorical_target,provider_used,trend_direction,,,0.173537,8562,False
categorical_target,model_used,trend_direction,,,0.22065,24267,False
categorical_target,age_tier,trend_direction,,,0.14105,30000,False
categorical_target,freshness_tier,trend_direction,,,0.109263,30000,False
categorical_target,word_count_tier,trend_direction,,,0.202172,22301,False
categorical_target,char_count_tier,trend_direction,,,0.195786,22301,False
categorical_target,impression_tier,trend_direction,,,0.261833,30000,False
categorical_target,position_tier,trend_direction,,,0.295548,30000,False
