column,count,missing_count,missing_percentage,zero_count,negative_count,non_finite_count,mean,std,min,max,skew,iqr,outlier_count,q01,q05,q25,q50,q75,q95,q99
age_tier_order,30000,0,0.0,0,0,0,4.786533333333334,0.790391974194651,3.0,6.0,0.19832461961345418,1.0,0,3.0,4.0,4.0,5.0,5.0,6.0,6.0
ai_sessions_90d,30000,0,0.0,28070,0,0,0.2045,1.3636012602467646,0.0,64.0,19.136285040160868,0.0,1930,0.0,0.0,0.0,0.0,0.0,1.0,5.0
ai_traffic_pct,30000,0,0.0,28070,0,0,0.7681963333333333,7.429453612670269,0.0,300.0,18.432063961091764,0.0,1930,0.0,0.0,0.0,0.0,0.0,1.0304999999999926,16.67
avg_position,30000,0,0.0,1205,0,0,16.342380000000002,15.216790472786185,0.0,245.0,1.9842143239597736,16.1,1656,0.0,1.7,6.2,10.8,22.3,48.2,69.90099999999984
char_count,22301,7699,25.6633,0,0,0,20665.27783507466,10115.344042375886,40.0,111158.0,1.55119662621074,8367.0,2004,5571.0,7520.0,15644.0,19116.0,24011.0,40615.0,48205.0
clicks_90d,30000,0,0.0,13204,0,0,16.097333333333335,75.07695836858437,0.0,4178.0,18.34579025709638,7.0,4654,0.0,0.0,0.0,1.0,7.0,69.04999999999927,253.0099999999984
clicks_last_30d,30000,0,0.0,18365,0,0,4.933866666666667,23.929392949058542,0.0,1176.0,17.1204593203234,2.0,4450,0.0,0.0,0.0,0.0,2.0,21.0,81.0
clicks_prev_30d,30000,0,0.0,18241,0,0,5.4351,28.358672896798534,0.0,1627.0,21.310318815045804,2.0,4473,0.0,0.0,0.0,0.0,2.0,23.0,88.0
competition,27532,2468,8.2267,16379,0,0,0.14695445300014529,0.28524058763253557,0.0,1.0,2.043851819215966,0.13,4545,0.0,0.0,0.0,0.0,0.13,0.97,1.0
content_age_days,30000,0,0.0,0,0,0,256.1678,132.70793001795204,90.0,564.0,0.4889996992403849,201.0,0,90.0,96.0,132.0,236.0,333.0,487.0,537.0
cpc,27532,2468,8.2267,20679,0,0,0.4853421473194828,2.1015599150120874,0.0,100.36,13.737601040962032,0.0,6853,0.0,0.0,0.0,0.0,0.0,2.704499999999971,8.076899999999988
ctr,30000,0,0.0,13212,0,0,0.5107333333333334,3.2791619679926303,0.0,100.0,17.444251509644893,0.29,2613,0.0,0.0,0.0,0.07,0.29,1.09,8.33
days_since_last_update,30000,0,0.0,0,0,0,46.0983,42.078708682271596,1.0,373.0,1.1612828290456545,84.0,43,6.0,8.0,20.0,20.0,104.0,104.0,106.0
days_with_impressions,30000,0,0.0,0,0,0,61.454033333333335,32.689244509814586,1.0,88.0,-0.8222052048836509,57.0,0,1.0,2.0,31.0,81.0,88.0,88.0,88.0
days_with_sessions,30000,0,0.0,0,0,0,13.096333333333334,17.30775852536644,1.0,90.0,2.118543787508266,14.0,2988,1.0,1.0,2.0,6.0,16.0,54.0,76.0
engaged_sessions_90d,30000,0,0.0,21629,0,0,0.9919333333333333,4.359575872981449,0.0,290.0,24.53625761522657,1.0,2856,0.0,0.0,0.0,0.0,1.0,5.0,14.0
engagement_rate,30000,0,0.0,21629,0,0,2.5345199999999997,8.310096442663157,0.0,100.0,7.222668794782504,1.35,5306,0.0,0.0,0.0,0.0,1.35,12.5,33.33
impressions_90d,30000,0,0.0,0,0,0,5200.3663,16838.019547181513,1.0,517715.0,11.384919352305715,3534.25,3954,1.0,2.0,81.0,731.0,3615.25,22996.499999999993,73505.82999999987
impressions_last_30d,30000,0,0.0,2547,0,0,1429.0587333333333,5643.8520811671,0.0,238796.0,14.620025934889572,758.0,4331,0.0,0.0,10.0,139.0,768.0,6313.0999999999985,22267.049999999832
impressions_prev_30d,30000,0,0.0,3388,0,0,1783.0785,6150.42951135747,0.0,218786.0,11.732755200037907,1124.0,4027,0.0,0.0,19.0,210.0,1143.0,8055.399999999994,26293.92999999969
pageviews_90d,30000,0,0.0,125,0,0,49.94246666666667,152.10143014257713,0.0,5998.0,10.861116691419376,31.0,4098,1.0,1.0,2.0,8.0,33.0,231.04999999999927,648.0
scroll_events_90d,30000,0,0.0,11235,0,0,4.0335,22.335178674538234,0.0,2605.0,65.29202959418183,3.0,3396,0.0,0.0,0.0,1.0,3.0,16.0,47.0
scroll_rate,29875,125,0.4167,11235,0,0,18.212921171548118,29.472767696903713,0.0,300.0,2.4998593490409866,23.53,2709,0.0,0.0,0.0,5.0,23.53,100.0,100.0
search_volume,27532,2468,8.2267,11081,0,0,158.88239139909922,1518.2708247568626,0.0,74000.0,26.016249622646967,20.0,4151,0.0,0.0,0.0,10.0,20.0,390.0,2900.0
sessions_90d,30000,0,0.0,0,0,0,37.066633333333336,107.06913118772376,1.0,4345.0,12.126851827443474,25.0,3981,1.0,1.0,2.0,7.0,27.0,166.0,451.0099999999984
sessions_last_30d,30000,0,0.0,7584,0,0,14.114266666666667,39.03637113092427,0.0,1081.0,9.092782212645533,12.0,3283,0.0,0.0,0.0,3.0,12.0,61.0,172.0
sessions_prev_30d,30000,0,0.0,6729,0,0,10.283,42.57800301264357,0.0,4247.0,40.86567148946248,6.0,3989,0.0,0.0,1.0,2.0,7.0,44.0,131.0
trend_pct,26612,3388,11.2933,443,19715,0,-4.785968735908613,473.86177951379193,-100.0,44900.0,56.76477318710998,62.6,1553,-100.0,-100.0,-62.6,-33.5,0.0,100.7449999999997,393.2459999999992
users_90d,30000,0,0.0,0,0,0,35.9377,103.74818524472956,1.0,4913.0,13.100536830942861,25.0,3881,1.0,1.0,2.0,7.0,27.0,160.04999999999927,434.0
word_count,22301,7699,25.6633,0,0,0,3107.760324649119,1452.3825975867655,8.0,9546.0,0.9379345291677672,1253.0,1964,775.0,1096.0,2413.0,2877.0,3666.0,6173.0,7292.0
